Address,Latitude,Longitude
"990 renaissance dr, Oshawa, ON, L1J 8B2",43.856631,-78.864163
"1481 Ritson Rd S, Oshawa, ON, L1J 3M3",43.8611538,-78.8366938
"440 Dean Avenue, Oshawa, ON, L1H3E2",43.8886798,-78.841671
"373 Highland Avenue, Oshawa, ON, L1H 6B2",43.8921413,-78.8402833
"311 Poplar Street, Oshawa, ON, L1H 6P6",43.895383,-78.833887
"325 OSHAWA BLVD S, OSHAWA, ON, L1H 5R9, Canada",43.8918304,-78.8476205
"300 Courcellette Avenue, Oshawa, ON, L1H 2E5",43.8941503,-78.8498558
"250 athol st east, oshawa, ON, L1H 1K3",43.8988427,-78.8541416
"150 Centre Street South, Oshawa, ON, L1H 4A4",43.8930736,-78.8641154
"P.O. BOX 54005, OSHAWA, ON, L1H1Y1, Canada",43.8916387,-78.8638313
"P.O. BOX 54005, OSHAWA, ON, L1H1Y1, Canada",43.8916387,-78.8638313
"285 Burk, Oshawa, ON, L1J 4C5",43.8881502,-78.8680308
"141 Tresane Street, Oshawa, ON, L1J 1T7",43.8839195,-78.8631015
"208 Cromwell Avenue, Oshawa, ON, L1J 4T8",43.8892874,-78.8734539
"438 King St. W., Oshawa, ON, L1J 2K9",43.8944109,-78.8804152
" 110 Park Rd N, Oshawa, ON, L1J 4L3",43.8981689,-78.8755108
"693 Carnegie Avenue, Oshawa, ON, L1G 4R5",43.9156051,-78.8720015
"64 Arlington Ave., Oshawa, ON, L1G 2N4",43.9120109,-78.87261
"386 Division Street, Oshawa, ON, L1G 5M9",43.9090885,-78.8619958
"97 Adelaide Ave E, Oshawa, ON, L1G 1Z2",43.9048089,-78.8628045
"274 William Street East, Oshawa, ON, L1G 1K8",43.902615,-78.8546907
"71 Lasalle Ave, Oshawa, ON, L1H 5Y3",43.8996326,-78.846028
"443 Colborne St  E, Oshawa, ON, L1G 7H4",43.904513,-78.8490796
"374 Surrey Drive, Oshawa, ON, L1G 6H1",43.9114255,-78.8467247
"370 Blackthorn Street, Oshawa, ON, L1K 1K9",43.9149798,-78.8348579
"1278 Kilmaurs Avenue, Oshawa, ON, L1K 2A4",43.9176421,-78.8213414
"1351 Baynes Ave, Oshawa, ON, L1K 0C7",43.9297853,-78.8264739
"1069 Loganberry Street, Oshawa, ON, L1K 2W3",43.9331354,-78.8320016
"1153 Forest Hill Court, Oshawa, ON, L1K 2K9",43.9364335,-78.8404984
"1039 Coldstream Drive, Oshawa, ON, L1K 0J6",43.9440238,-78.854139
"938 Taggart Crescent, Oshawa, ON, L1K 0E5",43.9367365,-78.850129
"902 Beaconhill Crt, Oshawa, ON, L1K 1Y4",43.9267798,-78.8541678
"1055 Central Park Blvd N , Oshawa, ON, L1G 7M4",43.9282424,-78.8617207
"222 Nonquon Rd , Oshawa, ON, L1G 3S6",43.9344549,-78.8703325
"270 cedar valley blvd, Oshawa, ON, L1G 3W3",43.932819,-78.8898557
"221 Ormond Drive, Oshawa, ON, L1G 6T7",43.9366949,-78.8705039
"1087 Ormond Drive,, Oshawa, ON, L1K 0E8",43.9490853,-78.8744437
"398 Elmwood Court, Oshawa, ON, L1G 7X8",43.949683,-78.8801278
"366 Raike Drive, Oshawa, ON, L1L 0B1",43.9547355,-78.8847266
"190 Samac Court, Oshawa, ON, L1G 7V9",43.9458515,-78.8904084
"2387 Kentucky Derby Way, Oshawa, ON, L1L0H3",43.9561553,-78.9066883
"95 Nearco Gate, Oshawa, ON, L1L 0J2",43.9598566,-78.8984949
"2529 Bridle Road South, Oshawa, ON, L1L 0J1",43.9637561,-78.8922079
"18b Howden Road West, Oshawa, ON, L1H 0M1",43.9998844,-78.9199952
"345 Dufferin Street, Toronto, ON, M6K 3G1",43.641067,-79.4277078
"105 West Lodge Ave, Toronto, ON, M6K2T8",43.6454448,-79.4366491
"241 Lansdowne Avenue, Toronto, ON, M6K 2W2",43.648753,-79.4390549
"3 Geoffrey Street, Toronto, ON, M6R 1P2",43.6488858,-79.4450152
"202 GRENADIER RD., TORONTO, ON, M6R1R7, Canada",43.6478593,-79.4566546
"33-470 RONCESVALLES AVENUE, TORONTO, ON, M6R 2N5, Canada",43.6398713,-79.4465321
"2269 LAKE SHORE BLVD. W, ETOBICOKE, ON, M8V 3X6, Canada",43.6196334,-79.4842971
"164 Berry Road , Etobicoke, ON, M8Y 1W5",43.6369989,-79.4910873
"34 Moynes Avenue, Toronto, ON, M8Y 3B8",43.628965,-79.4996733
"23 Uno Drive, Etobicoke, ON, M8Z 3N7",43.6274581,-79.5046374
"41 Castlebar Rd, Etobicoke, ON, M8Z 2J7",43.6313954,-79.510304
"59 Athol Avenue, Etobicoke, ON, M8Z 2A7",43.6276838,-79.51149
"119 York View Drive, Etobicoke, ON, M8Z 2G5",43.6288007,-79.5145428
"983 Islington Ave, Toronto, ON, M8Z 4P9",43.6291768,-79.5168048
"1185 The Queensway, Toronto, ON, M8Z 0C6",43.62187,-79.5215387
"100 Simpson Ave., Etobicoke, ON, M8Z 1E3",43.6175395,-79.5041102
"82 Sixth Street, Toronto, ON, M8V 3A3",43.5990486,-79.503627
"135 Eighth Street, Toronto, ON, M8V 3C8",43.6012759,-79.5065758
"20 Garnett Janes Road, Toronto, ON, M8V 3Z1",43.6016111,-79.5092479
"50 Carnation Avenue, Toronto, ON, M8V0B8",43.6008958,-79.5259266
"10 Edilou Drive, Toronto, ON, M8W 4B2",43.6057002,-79.5318672
"236 Alderbrae Avenue, Toronto, ON, M8W 4K7",43.6080233,-79.5433304
"25 Alcan Avenue, Toronto, ON, M8W 1V2",43.5941546,-79.5439012
"9 Dover Drive, Toronto, ON, M8W 1V7",43.595485,-79.5435207
"44 Forty First Street, Toronto, ON, M8W 3N6",43.5885153,-79.5423541
"1040 Shaw Drive, Mississauga, ON, L5G 3Z4",43.5648332,-79.5735794
"2338 Chilsworthy Ave  , Mississauga, ON, L5B 2R1",43.5622208,-79.6229046
"25 Paisley Blvd West, Mississauga, ON, L5B1E3",43.5756723,-79.6109488
"3121 Kirwin Ave, Mississauga, ON, L5A 3K9",43.5859044,-79.6157364
"135 Hillcrest Ave, Mississauga, ON, L5B 4B1",43.5808682,-79.6255149
"155 Hillcrest Avenue, Mississauga, ON, L5B 3Z2",43.5800932,-79.6251639
"3939 Duke Of York Boulevard, Mississauga, ON, L5B 4N2",43.5881772,-79.6407532
"333 Meadows Blvd, Mississauga, ON, L4Z1G9",43.604006,-79.6284868
"429 Ginger Downs, Mississauga, ON, L5A 3A8",43.5915582,-79.6086013
"1169 Arena Road, Mississauga, ON, L4Y 4K7",43.6066055,-79.5900987
"3150 Golden Orchard Drive, Mississauga, ON, L4Y 3T7",43.6118714,-79.5885824
"3331 Dixie Road, Mississauga, ON, L4Y 2A7",43.6159459,-79.5927598
"1333 BLOOR ST. E., MISSISSAUGA, ON, L4Y 3T6, Canada",43.6161292,-79.5966278
"1333 BLOOR ST. E., MISSISSAUGA, ON, L4Y 3T6, Canada",43.6161292,-79.5966278
"1571 Williamsport Drive, Mississauga, ON, L4X 1T7",43.6213745,-79.5917096
"37 SHAVER AVENUE SOUTH, ETOBICOKE, ON, M9B 3T2, Canada",43.636331,-79.5464919
"37 SHAVER AVENUE SOUTH, ETOBICOKE, ON, M9B 3T2, Canada",43.636331,-79.5464919
"39 Loney Ave, Toronto, ON, M3L 1G2",43.7222351,-79.5170684
"23 Langside Ave, North  York, ON, M9N 3E2",43.7090297,-79.517244
"34 Holley Avenue, Toronto, ON, M9N 2C5",43.7060621,-79.5296759
"2067 Islington Ave, Etobicoke, ON, M9P 2R8",43.7019216,-79.5478901
"70 Sabrina Drive, Toronto, ON, M9R 2J9",43.6934403,-79.5609147
"52 Ashmount Crescent, Etobicoke, ON, M9R 1E1",43.6860177,-79.5481165
"250 Wincott Dr, Weston, ON, M9R 2R5",43.67961,-79.5466108
"4 Kingsborough Crescent, Toronto, ON, M9R 2T9",43.6808042,-79.5506631
" 63 Widdicombe Hill Blvd, Toronto, ON, M9R 4B2",43.6776023,-79.5547122
"10 Willowridge Road, Etobicoke, ON, M9R3Y8",43.6750848,-79.5684655
"94 Willowridge Rd, Etobicoke, ON, M9R 3Z4",43.6787977,-79.5739745
"4601 Tribal Court, Mississauga, ON, L4Z 2R1",43.6125741,-79.6415042
"420 Mill Road, Toronto, ON, M9C 1Z1",43.644653,-79.5887657
"551 THE WEST MALL, TORONTO, ON, M9C 1G7, Canada",43.6526695,-79.5692748
"551 THE WEST MALL, TORONTO, ON, M9C 1G7, Canada",43.6526695,-79.5692748
"530 The West Mall, Etobicoke, ON M9C 1G3, Canada",43.6504109,-79.5694414
"25 Eva Road, Toronto, ON, M9C 4W3",43.639099,-79.563461
"30 Fieldway Rd, Etobicoke, ON, M8Z 0E3",43.6421679,-79.5283339
"48 GREEN LANES, ETOBICOKE, ON, M8Z 4V7",43.6417176,-79.5248348
"35 Eagle Road, Toronto, ON, M8Z 4H6",43.6433605,-79.518957
"45 Gardenvale Rd., Toronto, ON, M8Z 4C2",43.6437534,-79.5179907
"59 Cliveden Ave, Etobicoke, ON, M8Z 3M9",43.6448383,-79.5112704
"1135 Royal York Road, Toronto, ON, M9A 0C3",43.660052,-79.5162182
" 165 La Rose Avenue, Toronto, ON, M9P 3S9",43.6842539,-79.52509
"75 Emmett Avenue, Toronto, ON, M6M 5A7",43.6872013,-79.504757
" 333 Sidney Belsey Cres, Toronto, ON, M6M0A2",43.6915418,-79.5090082
"18 Millennium Drive, Toronto, ON, M6M 5K7",43.6945502,-79.4987018
"18 Millennium Drive, Toronto, ON, M6M 5K7",43.6945502,-79.4987018
"15 Martha Eaton Way, Toronto, ON, M6M5B5",43.6966037,-79.4884482
" 594 Trethewey Drive, Toronto, ON, M6M4C2",43.6971343,-79.4927758
"63 Sorlyn Avenue, Toronto, ON, M6L 1H7",43.7072423,-79.4935227
"  2110 Keele St, Toronto, ON, M6M3Z2",43.6999572,-79.4766724
"2480 Eglinton Ave W, Toronto, ON, M6M 5G9",43.6916463,-79.469409
"37 Greendale Avenue, Toronto, ON, M6N 4P4",43.6811802,-79.4894154
"47 Chryessa Ave, Toronto, ON, M6N 4T4",43.6796928,-79.4945271
"101 Foxwell St, Toronto, ON, M6N1Y9",43.6697793,-79.4992363
"58 Westholme Ave, Toronto, ON, M6P 3B8",43.6616976,-79.4796055
"77 Quebec Ave, Toronto, ON, M6P 2T4",43.6553529,-79.4672683
"156 Greenlaw Avenue, Toronto, ON, M6H 3V5",43.6762095,-79.4481455
"245 Robina Avenue, Toronto, ON, M6C 3Y9",43.688307,-79.4378371
"100 Western Battery Road, Toronto, ON, M6K 3S2",43.6395258,-79.4158554
"801 King St W, Toronto, ON, M5V 3C9",43.6427913,-79.4071946
"724 Richmond Street West, Toronto, ON, M6J 1C5",43.6457104,-79.4080649
"575 Adelaide Street West, Toronto, ON, M6J 3R8",43.6445137,-79.4036427
"170 Fort York Boulevard, Toronto, ON, M5V 0E6",43.6393466,-79.3997415
"126 Simcoe Street , Toronto, ON, M5H4E2",43.6489727,-79.3872946
"180 University Avenue, Toronto, ON, M5H 0A2",43.648953,-79.3857683
"30 Grand Trunk Crescent, Toronto, ON, M5J3A4",43.6422784,-79.3827611
" 88 Harbour Street, Toronto, ON, M5J0C3",43.6419035,-79.379113
"176 The Esplanade, Toronto, ON, M5A 4H2",43.6491595,-79.3676098
"39 SHERBOURNE STREET, TORONTO, ON, M5A 0L8, Canada",43.6510891,-79.3679085
"39 SHERBOURNE STREET, TORONTO, ON, M5A 0L8, Canada",43.6510891,-79.3679085
"230 King St East, Toronto, ON, M5A 1K5",43.6514726,-79.3681702
"89 Queen Street East, Toronto, ON, M5C 1S1",43.6532063,-79.3751217
"210 Victoria St, Toronto, ON, M5B 2R3",43.6546239,-79.3790756
"500-100 UNIVERSITY AVE, TORONTO, ON, M5J 1V6, Canada",43.6554432,-79.3891573
"89 Mc Gill St , Toronto, ON, M5B 0B1",43.6606054,-79.3786354
"42 Charles Street East, Toronto, ON, M4Y 1T1",43.6693008,-79.3841708
"550 ONTARIO ST., APT. 215, TORONTO, ON, M4X 1X3, Canada",43.6664205,-79.3722552
"21 CAMBRIDGE AVE., TORONTO, ON, M4K  2L2, Canada",43.6765295,-79.359998
"1010 BROADVIEW AVENUE, EAST YORK, ON, M4K 2R8, Canada",43.6832884,-79.3575966
"1010 BROADVIEW AVENUE, EAST YORK, ON, M4K 2R8, Canada",43.6832884,-79.3575966
"636 Danforth Avenue, Toronto, ON, M4K1R3",43.6791247,-79.3455431
"19 DAWSON AVE, TORONTO, ON, M4J1E4, Canada",43.6763421,-79.3362231
"19 DAWSON AVE, TORONTO, ON, M4J1E4, Canada",43.6763421,-79.3362231
"72 Condor Avenue, Toronto, ON, M4J 3M9",43.6761984,-79.3356711
"258 Bain Avenue, Toronto, ON, M4K 1G3",43.6728371,-79.343586
"201 CARLAW AVENUE, TORONTO, ON, M4M 2S3, Canada",43.6624902,-79.3401308
"60 Curzon St, Toronto, ON, M4M 3B4",43.6650128,-79.3325276
"20 Minto Street, Toronto, ON, M4L 1B6",43.6637647,-79.3243798
"66 Walpole Avenue, Toronto, ON, M4L 3W5",43.6753307,-79.3280006
"83 Woodington Avenue, Toronto, ON, M4C 3J7",43.6868071,-79.3218356
"268 Queensdale Avenue, Toronto, ON, M4C 2B4",43.68962,-79.3191591
"263 DEWHURST BLVD N, TORONTO, ON, M4J 3K9, Canada",43.6880711,-79.3422171
"356 O'connor Drive, Toronto, ON, M4J2V5",43.6957029,-79.3401088
"11 Thorncliffe Park Dr, Toronto, ON, M4H 1P3",43.7039781,-79.3491519
"4 Grandstand Place, Toronto, ON, M4H 1E3",43.7040176,-79.3456316
"60 Pavane Linkway, Toronto, ON, M3C 1A1",43.7112781,-79.3228344
"701 Don Mills Road, Toronto, ON, M3C 1R7",43.7083335,-79.332856
"7 Saint Dennis Drive, Toronto, ON, M3C 1E4",43.7160174,-79.3362141
"4478 Chesswood Drive, North York, ON, Canada",43.7634634,-79.4768609
"2001 Bonnymede Dr., Mississauga, ON, L5J4H8",43.5089078,-79.6257734
"2395 Bromsgrove Rd , Mississauga, ON, L5J 1L6",43.5072026,-79.6447719
"2942 Windjammer Rd, Mississauga, ON, L5L 1S7",43.5284737,-79.6843167
"604 Colonial Dr, Mississauga, ON, L5L 5R9",43.5255224,-79.7037042
"1436 FERNCREST ROAD, OAKVILLE, ON, L6H7W2, Canada",43.5040914,-79.7001163
"1239 Grace Dr, Oakville, ON, L6H 6W6",43.4930838,-79.6960025
"257 Roxton Road, Oakville, ON, L6H 7K3",43.479263,-79.7130321
"2160 Trafalgar Road, Oakville, ON, L6H 0N3",43.4784791,-79.7074624
"216 Nottingham Dr, Oakville, ON, L6H 4H6",43.4708078,-79.70311
"488 Parklane Rd, Oakville, ON, L6H 4J8",43.4725726,-79.7024526
"1240 Marlborough Court, Oakville, ON, L6H 3K7",43.4665345,-79.6927431
"1260 Pallatine Drive, Oakville, ON, L6H 1Z2",43.4616728,-79.7000572
"177 McCraney St W, Oakville, ON, L6H 1H8",43.4575588,-79.7109996
"1509 Elm Rd, Oakville, ON, L6H 1W3",43.4640944,-79.7116132
"2020 Elm Rd., Oakville, ON, L6H 3K8",43.4648486,-79.7145934
"71 Morrison Creek Crescent, Oakville, ON, L6H 4C5",43.4717977,-79.716469
"20 Chester Street, Oakville, ON, L6H 6G8",43.4716856,-79.7222362
"2508 Post Rd, Oakville, ON, L6H0K1",43.4797644,-79.7280217
"152 Hopewell Road, Oakville, ON, L6H 5Z1",43.4708663,-79.7280035
"296 Jemima Dr, Oakville, ON, L6M 0V6",43.4736558,-79.7389916
"3129 Neyagawa Blvd, OAKVILLE, ON, L6M 0P4",43.4679349,-79.7490146
"2408 Valley Forest Way, Oakville, ON, L6H 6W9",43.4605034,-79.7439526
"2234 Mcdowell Ave, Oakville, ON, L6H 4K6",43.4649154,-79.7272585
"2127 Sprucedale Drive, Oakville, ON, L6H 5W3",43.4629237,-79.7223285
"2081 Oak Bliss Crescent, Oakville, ON, L6M 3K3",43.4513776,-79.7328236
"2240 Overfield rd, Oakville, ON, L6M 3S8",43.449647,-79.7421125
"2441 Falkland Crescent, Oakville, ON, L6M 4Y3",43.4545408,-79.7496919
"2463 Highmount Cres., Oakville, ON, L6M 4Z1",43.4445705,-79.7601618
"2435 Castlebrook Road, Oakville, ON, L6M 4Z2",43.4431875,-79.7592857
"2149 Alderbrook Drive, Oakville, ON, L6M 4Z3",43.4414064,-79.758541
"2224 Whitecliffe Way, Oakville, ON, L6M 4W2",43.4361538,-79.7573144
"2343 Lionstone drive, Oakville, ON, L6M 4T5",43.4301219,-79.7561317
"2355 COPPERWOOD DRIVE, OAKVILLE, ON, L6M 4T4, Canada",43.4294646,-79.7558688
"1489 Heritage Way, Oakville, ON, L6M 4M6",43.4295407,-79.7456801
"1290 Heritage Way, Oakville, ON, L6M 4M4",43.4267346,-79.7394617
"1322 Cobbler Lane, Oakville, ON, L6M 2X4",43.4289607,-79.7428573
"1654 Heritage Way, Oakville, ON, L6M 2Z9",43.4325781,-79.7412362
"1358 Greenridge Circle, Oakville, ON, L6M 2K1",43.4311972,-79.7336452
"314 1470 BISHOPS GATE, OAKVILLE, ON, L6M 4N2, Canada",43.439724,-79.7374426
"314 1470 BISHOPS GATE, OAKVILLE, ON, L6M 4N2, Canada",43.439724,-79.7374426
"314 1470 BISHOPS GATE, OAKVILLE, ON, L6M 4N2, Canada",43.439724,-79.7374426
"1375 Kingsgrove Pl, Oakville, ON, L6M 3V9",43.4439408,-79.7416305
"1110 MaidStoneCres, Oakville, ON, L6M 1C3",43.4458945,-79.7093966
"396 Maidstone Crescent, Oakville, ON, L6M 1A1",43.4454875,-79.7085013
"4478 Chesswood Drive, North York, ON, Canada",43.7634634,-79.4768609
"3151 BRIDLETOWNE CIRCLE, SCARBOROUGH, ON, M1W2T1, Canada",43.7976705,-79.3198853
"10 Stonehill Crt, Scarborough, ON, M1W 2X8",43.7949299,-79.3139429
"2821 Birchmount Rd, Scarborough, ON, M1W2C8",43.7981978,-79.3050945
"270 Timberbank Boulevard, Toronto, ON, M1W 2M1",43.7971569,-79.3060156
"255 Glendower Circuit, Toronto, ON, M1T2Z7",43.7975882,-79.3045844
"2550 Birchmount Road, Scarborough, ON, M1T2M5",43.7887044,-79.3022497
"82 Reidmount Ave., Scarborough, ON, M1S 1B7",43.7889965,-79.2882283
"275 VILLAGE GREEN SQUARE, SCARBOROUGH, ON, M1S 0L8",43.779333,-79.2831293
"4091 Sheppard ave east , Toronto, ON, M1S 3H2",43.7836438,-79.2844451
"33 Fulham Street, Scarborough, ON, M1S 2A3",43.7861284,-79.2687009
"70 crockamhill drive, scarborough, ON, M1S 3H1",43.7986652,-79.2823667
"1580 Sandhurst Circle, Scarborough Toronto, ON, M1V 2L3",43.8079372,-79.2711408
"1580 Sandhurst Circle, , Scarborough, Toronto, ON, M1V 2L3",43.8079372,-79.2711408
"54 SHOOTFIELD CRES, SCARBOROUGH, ON, M1S 4E2",43.8041604,-79.2589242
"4695 Sheppard Avenue East, Toronto, ON, M1S 4R3",43.7897324,-79.2566118
"15 Lenthall Avenue, Toronto, ON, M1B 2C7",43.7975458,-79.2385829
"50 Empringham Dr , Scarbough, ON, M1B 3Z4",43.8121643,-79.211179
"182 90 Wingarden Court, Scarborough, ON, M1B2K3",43.8106717,-79.2269206
"29 Grackle Trail, Scarborough, ON, M1X 2A4",43.8289448,-79.231462
"35 SNOWY OWL WAY, TORONTO ON M1X 0B4",43.8323054,-79.2333615
"145 Dynamic Drive, Scarborough, ON, M1V 5L8",43.828024,-79.2517225
"19 Lahore Crescent, Markham, ON, L3S 0A5",43.8466916,-79.2498064
"7340 Markham Road, Markham, ON, L3S 0B1",43.8459478,-79.2538368
"46 Norn Crescent, Markham, ON, L3S 2A7",43.8327701,-79.2716085
"109 Goodwood Drive, Markham, ON, L3S 2K9",43.838329,-79.274812
"1 Baylawn Dr, Markham, ON, L3S 2T6",43.8435543,-79.2736515
"9 Alderbury Dr, Markham, ON, L3S2R5",43.8432465,-79.2730617
"9 Alderbury Dr, Markham, ON, L3S2R5",43.8432465,-79.2730617
"65 Main Street, Unionville, ON, L3R 2E6",43.8593418,-79.3088682
"34 Lincoln Green Drive, Markham, ON, L3P 1R5",43.8727066,-79.2758939
"38 Hemlock Drive, Markham, ON, L3P 4M6",43.881473,-79.2706396
"81 Mansfield Lane, Markham, ON, L3P7S7",43.876015,-79.2886062
"49 KENTLEY ST, MARKHAM, ON, L6C3G2, Canada",43.8909904,-79.2929034
"59 James  Parrot Ave, MARKHAM, ON, L6E 0E4",43.8905159,-79.2852983
"99 Hammersly Blvd, Markham, ON, L6E 0L1",43.8994516,-79.2688545
"9506 Markham Road, Markham, ON, L6E 0N7",43.8972366,-79.2663508
"36 Cathmar Drive, Markham, ON, L6E 2H2",43.9030124,-79.2614284
"103 Miramar Drive, Markham, ON, L6E 1Z9",43.8982058,-79.2587561
"166 Swan Park Road, Markham, ON, L6E 1S4",43.9014924,-79.2538148
"98 Lawrence Pilkington Avenue, Markham, ON, L6B 0Z2",43.8937904,-79.2255334
"61 Spring Meadow Avenue, Markham, ON, L6B 1B6",43.8882593,-79.2332275
"96 SQUIRE BAKERS LANE, MARKHAM, ON, L3P 3H2, Canada",43.8696609,-79.2456656
"69 Turnhouse Crescent, Markham, ON, L6B 0S6",43.8663,-79.2139518
"9017 Leslie Street, Richmond Hill, ON, L4B 4R8",43.8476722,-79.3802567
"46 Red Oak Drive, Richmond Hill, ON, L4B 1W1",43.8484758,-79.3938454
"72 castleridge drive, Richmond hill, ON, L4B 1R2",43.8436535,-79.4030178
"1 Grasslands Ave, Richmond Hill, ON, L4B 4L3",43.8440323,-79.4201234
"65 Nahanni Drive, Richmond Hill, ON, L4B 4L4",43.8446027,-79.4202993
"210 Bantry, Richmond Hill, ON, L4B 4T6",43.8460291,-79.4225246
"9199 Yonge Street, Richmond Hill, ON, L4C 1H7",43.8518082,-79.4310734
"9201 Yonge Street, Richmond Hill   Ontario, ON, L4C1H9",43.8520163,-79.4320823
"93 Weldrick Rd W, Richmond Hill, ON, L4C 3T9",43.8583327,-79.4424131
"1 FERNWOOD CRT, RICHMOND HILL, ON, L4B 3C2, Canada",43.8721596,-79.4130497
"115 Strathearn Ave, Richmond Hill, ON, L4B 2L2",43.8657362,-79.4080792
"53 Wingate Cres., Richmond Hill, ON, L4B 3J3",43.8694553,-79.3978284
"47 Lytton Blvd., Richmond Hill, ON, L4B 3H3",43.866585,-79.3949887
"17 Cortleigh Court, Richmond hill, ON, L4B 3G9",43.8637913,-79.3974545
"15 Henricks Crescent, Richmond Hill, ON, L4B 3W4",43.8722717,-79.3941999
"3231 Major Mackenzie Drive East, Markham, ON, L6C1J8",43.8871797,-79.3594679
"712 The Bridle Walk, Markham, ON, L6C 2N4",43.898721,-79.3095188
"71 Gemini Crescent, Richmond Hill, ON, L4S 2K8",43.8824196,-79.3924187
"89 Hartney Dr, Richmond Hill, ON, L4S 0K5",43.9053516,-79.400081
"11 Cedarhurst DR, Richmond Hill, ON, L4S 1B7",43.8995953,-79.4270155
"9 Point Pelee Lane, Richmond Hill, ON, L4S 0G4",43.8917136,-79.4174601
"48 Futura Ave., Richmond Hill, ON, L4S 1S8",43.8844165,-79.408251
"41 Farmstead Rd, RICHMOND HILL, ON, L4S 1W3",43.8802638,-79.413176
"123 Newkirk Road, Richmond Hill, ON, L4C 3G5",43.8825281,-79.4269604
"85 Centre Street East, Richmond Hill, ON, L4C 1A3",43.8769306,-79.4344123
"1 Centre Street West, Richmond Hill, ON, L4C 3P3",43.8760405,-79.4385521
"138 Wright Street, Richmond Hill, ON, L4C 4A5",43.8764306,-79.4454175
"26 Kittredge Court, Richmond Hill, ON, L4C 7X3",43.8755768,-79.4596169
"68 Willett Crescent, Richmond Hill, ON, L4C 7V9",43.8771301,-79.458627
"30 Marinucci Court, Richmond Hill, ON, L4C 0M3",43.8850551,-79.4612819
"28 Waterhouse Way, RichmondHill, ON, L4C 9H7",43.888558,-79.4602146
"35 Shallot Court, Richmond Hill, ON, L4S 0C1",43.9019945,-79.465049
"21 Marengo drive, Richmond hill, ON, L4E 0G2",43.9127812,-79.4664114
"35 Ravine Edge Drive, Richmond Hill, ON, L4E 4J2",43.9138644,-79.4429579
"150 Shirrick Drive, Richmond Hill, ON, L4E 0B8",43.9252413,-79.4508967
"129 Silver Maple road, Richmond Hill, ON, L4E 0C8",43.9275466,-79.4570502
"9 Bayswater Avenue, Richmond Hill, ON, L4E 2L4",43.9519289,-79.4501323
"15 Lorridge St, Richmond Hill, ON, L4E 3W4",43.9535877,-79.4465451
"10 Lorwood Court, Richmond Hill, ON, L4E 3W3",43.9440298,-79.4701907
"85 Vitlor Drive, Richmond Hill, ON, L4E 0G3",43.9441653,-79.4742345
"82 Sunridge St, Richmond Hill, ON, L4E 3Z3",43.9539407,-79.4829396
"57 Cozens Dr, Richmond Hill, ON, L4E 4W6",43.9346735,-79.4742336
"43 Matterhorn Road, Maple, ON, L6A 2V5",43.8915254,-79.5047843
"6 Glamorgan Avenue, Toronto, ON, M1P 2M7",43.769406,-79.2847974
"1373 Warden Ave, Toronto, ON, M1R 2S1",43.7568957,-79.2991437
"3 Electro Road, Toronto, ON, M1R 2A6",43.7417859,-79.297236
"61 Inniswood Drive, Toronto, ON, M1R 1E8",43.7383157,-79.3051606
"1000 O'connor Drive, Toronto, ON, M4B 2T3",43.7092732,-79.3103992
"903 COXWELL AVE, TORONTO, ON, M4C3G1, Canada",43.6940627,-79.3277384
"903 COXWELL AVE, TORONTO, ON, M4C3G1, Canada",43.6940627,-79.3277384
"338 Cedarvale Avenue, Toronto, ON, M4C 4K6",43.6933846,-79.3142793
"89 Oak Park Ave, Toronto, ON, M4C 4M5",43.6902499,-79.3085503
"601 Kingston Road, Toronto, ON, M4E 3Y2",43.6786209,-79.2987178
"6 Park Vista, Toronto, ON, M4B 1A2",43.6982406,-79.2984467
"410 Dawes Rd, Toronto, ON, M4B 2E4",43.7007802,-79.2972029
"409 Dawes Road, Toronto, ON, M4B 2E7",43.7027188,-79.2967237
"409 Dawes Road, Toronto, ON, M4B 2E7",43.7027188,-79.2967237
" 45 Strangford Lane, Toronto, ON, M1L 0E5",43.7099556,-79.2941878
"30 Teesdale Place, Toronto, ON, M1L 1L2",43.6970122,-79.2877916
"3520 Danforth Avenue, Scarborough, ON, M1L1E5",43.6946819,-79.2734144
"19 Belanger Crescent, Toronto, ON, M1L 0G1",43.7022067,-79.2739575
"60 Fairfax Crescent, Toronto, ON, M1L 0E1",43.7165275,-79.2844518
"95 Anaconda Avenue, Toronto, ON, M1L 4M4",43.7179069,-79.2740354
"569 Birchmount Road, Scarborough, ON, M1K 1P8",43.713106,-79.2703495
"83 Silvio Avenue, Toronto, ON, M1K 1V5",43.713622,-79.2682834
"151 Haslam Street, Scarborough, ON, M1N3N9",43.7085632,-79.2594583
"40 Linden Ave., Toronto, ON, M1K3H5",43.7201958,-79.2571624
"3750 St Clair Ave E, Toronto, ON, M1M 1T9",43.7212059,-79.2422515
"3 Greystone Walk Dr, Scarborough, ON, M1K 5J4",43.7243627,-79.2516663
"31 Wolfe Avenue, Toronto, ON, M1K 3M2",43.7273209,-79.2534624
"740 Midland Avenue, Toronto, ON, M1K 4E1",43.7292459,-79.256788
"815 Midland Avenue, Toronto, ON, M1K 4E8",43.7342138,-79.2576689
"31 Gilder Drive, Toronto, ON, M1K 4P8",43.7361041,-79.256246
"24 Guildcrest Drive, Toronto, ON, M1E 1E4",43.7455303,-79.206689
"52 Earswick Drive, Scarborough, ON, M1E 1C6",43.7462478,-79.1997485
"26 Livingston Road, Scarborough, ON, M1E 4S4",43.7404423,-79.1995352
"3420 Eglinton Avenue East, Toronto, ON, M1J 2H9",43.7454751,-79.2122464
"17 435 Markham Rd, Scarborough, ON, M1J 3C8",43.7521721,-79.2222822
"525 Markham Road, Toronto, ON, M1H 3h7",43.7567486,-79.2238354
"7 Janray Drive, Toronto, ON, M1G 1X9",43.7622329,-79.2210374
"112 Greenbrae Circuit, Toronto, ON, M1H 1R3",43.7608575,-79.2283517
"2951 Lawrence Avenue East, Scarborough, ON, M1P 2V6",43.7544713,-79.2506848
"1375 Midland Ave , Scarborough, ON, M1P 3B7",43.749884,-79.2637471
"1 Portsdown Road, Toronto, ON, M1P 1T5",43.7510288,-79.2811205
"29 BEACON RD. BSMT, SCARBOROUGH, ON, M1P 1G6, Canada",43.7504574,-79.2844671
"39 Belvidere Avenue, Hamilton, ON, L9A 3B6",43.2442865,-79.8686431
"86 Knyvet Ave, Hamilton, ON, L9A 3J5",43.2426067,-79.8686868
"2 Welbourn  Dr, Hamilton, ON, L9A 3N2",43.2353762,-79.8732502
"329 East 19th Street, HAMILTON, ON, L9A 4S9",43.2321547,-79.8593236
"571 Upper Wentworth St, HAMILTON, ON, L9A 4V1",43.2339841,-79.8571796
"620 Concession Street, Hamilton, ON, L8V 1B6",43.2399679,-79.8489748
"86 East 27th St., Hamilton, ON, L8V 3G1",43.2371928,-79.8478589
"194 East 27th, Hamilton, ON, L8V 3G4",43.2343306,-79.8489092
"950 Fennell Ave E, Hamilton, ON, L8V 1X2",43.2278532,-79.8398721
"760 Seventh Avenue, Hamilton, ON, L8T 1V7",43.2252508,-79.8352548
"1119 Fennell Ave, Hamilton, ON, L8T 1S2",43.2260651,-79.8278359
"20 Albion Falls Blvd, Hamilton, ON, L8W 1R5",43.2036332,-79.8227145
"15 Derby Street, Hamilton, ON, L8W 3T3",43.1916134,-79.8507777
" 515 Queen Victoria Dr, Hamilton, ON, L8W1M9",43.2022835,-79.8481824
"30 Eleanor Avenue, Hamilton, ON, L8W 1C8",43.2019481,-79.857464
"55 Rawlings Ave, Hamilton, ON, L8W 2P3",43.2101773,-79.8588423
"660 Acadia dr, Hamilton, ON, L8W 3V1",43.2007143,-79.8698681
"51 Bonaparte Way, Hamilton, ON, L9B 2E1",43.2046493,-79.8776772
"134 Sirente Dr, Hamilton, ON, L9A 5H1",43.2132777,-79.8713556
"147 Greeningdon Drive, Hamilton, ON, L9A 4W6",43.2199378,-79.88098
"47 Ronaldshay Ave, Hamilton, ON, L9A 3B2",43.2255082,-79.8779669
"27 Coralridge Court, Hamilton, ON, L9C 3T4",43.2230224,-79.890822
"345 Limeridge Rd West, Hamilton, ON, L9C 7C9",43.2247415,-79.9000829
"25 Britten Close, Hamilton, ON, L9C4J8",43.2242836,-79.9018905
"25 Britten Close, Hamilton, ON, L9C4J8",43.2242836,-79.9018905
"48 Caroga Court , Hamilton, ON, L9C 7M2",43.2252569,-79.9082513
"24 Sunshine Court, Hamilton, ON, L9C 2L5",43.2300001,-79.9011003
"640 Mohawk Rd W 21, Hamilton, ON, L9C 1X6",43.2333825,-79.9086265
"190 Chedmac Drive, Hamilton, ON, L9C 7S6",43.2409565,-79.9216532
"304 guildwood drive, Hamilton, ON, L9C 6W8",43.2258058,-79.9263753
"99 Firenze St., Hamilton, ON, L9C 6T2",43.2249265,-79.924058
"82 Firenze Street, Hamilton, ON, L9C 6V7",43.2254454,-79.9235771
"31 Novoco Dr, HAMILTON, ON, L9C 7E6",43.2212431,-79.9186143
"680 Stone Church Rd W , Hamilton, ON, L9B2M6",43.2187643,-79.918791
"701 Stone Church Road West, Hamilton, ON, L9B 2N8",43.2191714,-79.9212035
"119 Graywood Road, Hamilton, ON, L9C 6K3",43.2160293,-79.903112
"25 Santa Barbara Lane, Hamilton, ON, L9B 0J3",43.207321,-79.8948057
"2 Bishop Ryan Way, Hamilton, ON, L9B 2L8",43.2052515,-79.9069641
"24 Marilyn Court, Hamilton, ON, L9B 2T5",43.2012905,-79.8847419
"71 Seneca Avenue, Hamilton, ON, L9B 1L8",43.1984003,-79.8897463
"287 mothers street, Hamilton, ON, L9B 0E2",43.1868085,-79.8840019
"287 mothers street, Hamilton, ON, L9B 0E2",43.1868085,-79.8840019
"287 mothers street, Hamilton, ON, L9B 0E2",43.1868085,-79.8840019
"4490 Walkers Line, Burlington, ON, L7M 0Y4",43.418251,-79.8589438
"2151 Belgrave Court, Burlington, ON, L7P 3R5",43.353629,-79.8434278
"2134 Sunnydale Drive, Burlington, ON, L7P 1E7",43.3477334,-79.8215119
"1250 HERTEL CRES., BURLINGTON, ON, L7P 2S5, Canada",43.3485853,-79.8211554
"2385 Woodward Ave, BURLINGTON, ON, L7T 0A7",43.3407445,-79.7937225
"774 Drury Lane, Burlington, ON, L7R2Y2",43.3409092,-79.8016812
"911 Nora Drive, Burlington, ON, L7T 3E6",43.3164151,-79.8340293
"932 Birchwood Avenue, Burlington, ON, L7T 2H7",43.3068996,-79.8479465
"275 Plains Rd West, Burlington, ON, L7T 1G1",43.3001392,-79.8622114
"511 Genista Drive, Burlington, ON, L7T 4L6",43.3001454,-79.8727556
"65 Jones St., Hamilton, ON, L8R1X9",43.2677366,-79.8882304
"82 Melbourne St., Hamilton, ON, L8P 2A6",43.2561631,-79.8890546
"454 Dundurn Street South, Hamilton, ON, L8P 4L9",43.2490452,-79.8939275
"450 Dundurn St S, HAMILTON, ON, L8P 4L9",43.249187,-79.89384
"176 Homewood Ave, Hamilton, ON, L8P 2M5",43.2515733,-79.8903846
"23 Homewood Ave, Hamilton, ON, L8P 2M1",43.2497277,-79.884118
"20 Mapleside Ave, Hamilton, ON, L8P 3Y5",43.2482448,-79.8853543
"33 Spruceside Ave, Hamilton, ON, L8P 3Y2",43.2470859,-79.8845232
"167 Robinson Street, Hamilton, ON, L8P 1Z6",43.2524535,-79.8796278
"24 Bold Street, Hamilton, ON, L8P 1T2",43.2530558,-79.8717493
"2-183 Bold Street, Hamilton, ON, L8P 1V4",43.2527791,-79.8710708
"146 Walnut St S, Hamilton, ON, L8N 2L7",43.2503656,-79.8654929
"127 east avenue south, Hamilton, ON, L8N 2T6",43.249013,-79.8568598
"165 Burris St, Hamilton, ON, L8M 2J7",43.2462319,-79.8465376
"222 gage Ave S, Hamilton, ON, L8M 3M4",43.2413933,-79.8318628
"188 Balsam Ave S, Hamilton, ON, L8M 3B8",43.2432112,-79.8331539
"17 Cedar Avenue, Hamilton, ON, L8M 3A6",43.243581,-79.8334646
"95 Balsam Ave S, Hamilton, ON, L8M 3B2",43.2460278,-79.8311843
"104 Dunsmure Rd, Hamilton, ON, L8M 1S4",43.248672,-79.8367169
"48 Nightingale Street, Hamilton, ON, L8L 1R8",43.2535341,-79.8491461
"157 Strachan St East, Hamilton, ON, L8L 3M7",43.2655866,-79.8579234
"42 Guise Street, Hamilton, ON, L8L 4L9",43.274104,-79.8597223
"175 RAY ST N, HAMILTON, ON, L8R 2Y3",43.265592,-79.878658
"68 Locke Street North, Hamilton, ON, L8R 3A5",43.2630921,-79.8823206
"6 Morden Street, Hamilton, ON, L8R 1P4",43.2613986,-79.8817346
"234 Market Street, HAMILTON, ON, L8R 1P2",43.2607966,-79.8797382
"1001 Main Street West, Hamilton, ON, L8S 1A9",43.257515,-79.9056704
"60 Elizabeth Court, Hamilton, ON, L8S 2P6",43.2530591,-79.9370429
"1856 Main St W, Hamilton, ON, L8S1H9",43.2520893,-79.9409375
"4478 Chesswood Drive, North York, ON, Canada",43.7634634,-79.4768609
"605 Finch Avenue West, Toronto, ON, M2R 1P1",43.7710056,-79.4524232
"4 Goldfinch Court, Toronto, ON, M2R 2C3",43.7701341,-79.4495122
"4 Mascot Place, Toronto, ON, M2R 1J6",43.7702585,-79.4434046
"461 HOUNSLOW AVENUE, NORTH YORK, ON, M2R 1H9, Canada",43.7703034,-79.4372259
"2 Ancona Street, Toronto, ON, M2R 2H1",43.775393,-79.4391783
"2 Ancona St, North York, ON, M2R2H1",43.775393,-79.4391783
"23 Lorraine Drive, Toronto, ON, M2N 6Z6",43.7780172,-79.4166278
"5900 Yonge Street, North York, ON, M2M3T8",43.7862852,-79.4177492
"10 Cushendale Drive, Toronto, ON, M2M 2A5",43.7845503,-79.4131321
"5940 YONGE ST, NORTH YORK, ON, M2M4M6, Canada",43.787401,-79.4181228
"5940 YONGE ST, NORTH YORK, ON, M2M4M6, Canada",43.787401,-79.4181228
"135 ANTIBES DRIVE, NORTH YORK, ON, M2R 2Z1, Canada",43.7802481,-79.4461791
"133 Torresdale Ave , Toronto, ON, M2R 3T2",43.7786124,-79.4519202
"300 Antibes Drive, Toronto, ON, M2R 3N8",43.7812869,-79.4501275
"1875 Steeles Avenue West, Toronto, ON, M3H 5T7",43.7869724,-79.467532
"81 Townsgate Dr, Thornhill West, ON, L4J8E6",43.7942232,-79.4421274
"10 Tangreen Ct, Toronto, ON, M2M 4B9",43.7958866,-79.4270483
"145 Bradbeer Crescent, Thornhill, ON, L4J 5M9",43.8010817,-79.4306315
"5 Theodore Place, Thornhill, ON, L4J 8E2",43.8019554,-79.4352476
"106 Green Bush Cres., Thornhill, ON, L4J 5M2",43.8029139,-79.4300912
"141 Green Bush Cres, Thornhill, ON, L4J 5L7",43.8030179,-79.4286735
"7300 Yonge Street, Thornhill, ON, L4J 7Y5",43.8061713,-79.4231792
"7398 Yonge St. , Thornhill, ON, L4J8J2",43.8091608,-79.423531
"190 Dudley Ave, Thornhill, ON, L3T2E9",43.8110664,-79.4213766
"83 New Havens Way, Markham, ON, L3T 5G1",43.8101128,-79.4060365
"163 Henderson Ave, Thornhill, ON, L3T 2L6",43.8118223,-79.4102738
"117 Woodward Ave, Markham, ON, L3T 1G1",43.8021022,-79.4099068
"2 Debell Lane, Toronto, ON, M2M3Z4",43.8006187,-79.3973688
"2 Debell Lane, Toronto, ON, M2M 3Z4",43.8006187,-79.3973688
"22 Ballyconnor Court, Toronto, ON, M2M 4C6",43.7994696,-79.3864295
"45 Tollerton Avenue, North York, ON, M2K 2H4",43.7895021,-79.388374
"6 Beethoven Court SIDE DOOR, North York, ON, M2H 1W2",43.7937678,-79.3668394
"8 Summerside Crescent, Toronto, ON, M2H 1X1",43.7961998,-79.3681372
"41 Aberfeldy Crescent, Thornhill, ON, L3T 4C1",43.809889,-79.3686864
"15 Windsor Court Road, Thornhill, ON, L3T 4Y4",43.8154569,-79.3592269
"75 Chumleigh crescent, Thornhill, ON, L3T 4G7",43.8181563,-79.3622858
"233 Hollyberry Trail, Toronto, ON, M2H 2P3",43.8120955,-79.3528261
"15 Pebble Byway , North York, ON, M2H3J5",43.8024837,-79.3537001
"199 McNicoll Ave, Toronto, ON, M2H 2C2",43.7995065,-79.3549214
"71 Godstone Road, North York, ON, M2J 3C8",43.7832392,-79.3489979
"23 Baroness Cres, Toronto, ON, M2J 3K4",43.7911759,-79.3437614
"85 Edmonton Rd, North York, ON, Canada",43.7857388,-79.3394047
"3050 Pharmacy Avenue, Toronto, ON, M1W 2N7",43.7956074,-79.3274119
"4478 Chesswood Drive, North York, ON, Canada",43.7634634,-79.4768609
"50 Kingsbridge Garden Circle, Mississauga, ON, L5R 1Y2",43.602299,-79.6498735
"4308 TRAIL BLAZER WAY, MISSISSAUGA, ON, L5R0A9, Canada",43.5933537,-79.6604354
"4580 Inverness Boulevard, Mississauga, ON, L5M 3K9",43.5726705,-79.6878112
"2760 Cathian Court, Mississauga, ON, L5L 2C7",43.5419391,-79.6946293
"4217 GAYLING GARDENS, MISSISSAUGA, ON, L5L1Z8, Canada",43.5418786,-79.7048195
"5872 Rainberry Drive Mississauga, Mississauga, ON, L5M 6S4",43.5607678,-79.7462817
"3235 EQUESTRIAN CRESCENT, MISSISSAUGA, ON, L5M6S8, Canada",43.563077,-79.7489058
"3235 EQUESTRIAN CRESCENT, MISSISSAUGA, ON, L5M6S8, Canada",43.563077,-79.7489058
"3982 Parkgate Drive, Mississauga, ON, L5N 7B7",43.5565322,-79.7616073
"6681 Lisgar Drive, Mississauga, ON, L5N6S8",43.5702618,-79.7770249
"2929 Quetta Mews, Mississauga, ON, L5N 1Z6",43.590673,-79.7730394
"2929 Aquitaine Avenue, Mississauga, ON, L5N 2C7",43.5837179,-79.7628877
"3180 Sundown Circle, Mississauga, ON, L5N 4R8",43.5746577,-79.7627128
"6367 Edenwood Drive, Mississauga, ON, L5N3E8",43.572618,-79.7526848
"5497 Shorecrest Crescent, Mississauga, ON, L5M 4Y6",43.5835198,-79.7058276
"1400 Bristol Road West, Mississauga, ON, L5V 2A4",43.5882984,-79.6947198
"1480 Britannia Road West, Mississauga, ON, L5V 2K4",43.5984264,-79.7103711
"1325 Killaby Drive, Mississauga, ON, L5V 2C3",43.6015629,-79.710325
"1001 WINDBROOK  GROVE, MISSISSAUGA, ON, L5V2N7, Canada",43.6054858,-79.6991763
"1001 WINDBROOK  GROVE, MISSISSAUGA, ON, L5V2N7, Canada",43.6054858,-79.6991763
"6889 Early Settler Row, Mississauga, ON, L5W 1C6",43.624016,-79.725922
"38 Songsparrow Drive, Brampton, ON, L6Y 3Z7",43.6509752,-79.7279596
"54 Malta Ave., Brampton, ON, L6Y 4W6",43.6574934,-79.7286337
"40 County Court Boulevard, Brampton, ON, L6W3X5",43.6648418,-79.7236231
"440 Mc Murchy Ave South , Brampton, ON, L6Y2N5",43.6643171,-79.7417843
"144 Mc Murchy Ave S, Brampton, ON, L6Y 1Y9",43.672921,-79.754034
"26 Fair Oaks Place, Brampton, ON, L6Y 4X1",43.6759021,-79.76163
"33 Kimbark Drive, Brampton, ON, L6X2A3",43.6740521,-79.7777257
"23 Burt Drive, Brampton, ON, L6X 3H9",43.6718202,-79.7844481
"80 Borrelli Drive, Brampton, ON, L6Y 5X1",43.6594775,-79.7799043
"20 Nostalgia Court, Brampton, ON, L6X 5C6",43.690327,-79.803236
"Po Box 99900 Ja 648 739 Rpo Chinguacousy, Brampton, ON, L6Y5X8",43.6968413,-79.8226563